{
  "english_pdfs": {
    "similarity_matrix": [
      [
        0.9999999999999998,
        0.3331238313870318,
        0.41954217189117127
      ],
      [
        0.3331238313870319,
        0.9999999999999998,
        0.41865940928561857
      ],
      [
        0.41954217189117116,
        0.41865940928561873,
        0.9999999999999952
      ]
    ],
    "avg_similarity": 0.5936278694586264
  },
  "english_epubs": {
    "similarity_matrix": [
      [
        0.9999999999999877,
        0.8482551932011203,
        0.7906728596403965
      ],
      [
        0.8482551932011203,
        1.0000000000000027,
        0.8646663259225555
      ],
      [
        0.7906728596403965,
        0.8646663259225558,
        0.9999999999999999
      ]
    ],
    "avg_similarity": 0.8896876397253484
  },
  "indian_lang_pdfs": {
    "similarity_matrix": [
      [
        0.0,
        0.0,
        0.0
      ],
      [
        0.0,
        0.0,
        0.0
      ],
      [
        0.0,
        0.0,
        0.0
      ]
    ],
    "avg_similarity": 0.0
  },
  "misc_articles": {
    "similarity_matrix": [
      [
        1.0,
        1.0,
        0.2172564095856878
      ],
      [
        1.0,
        1.0,
        0.2172564095856878
      ],
      [
        0.2172564095856878,
        0.2172564095856878,
        1.0000000000000002
      ]
    ],
    "avg_similarity": 0.6521139598158613
  }
}